id,uuid,item_id,lot_quantity,total_price,observed_at,recorded_at,market_context,note,source,invalidated_at,invalidation_reason,_snapshot_id,_extracted_at
1,20000000-0000-4000-8000-000000000001,1,1,1000,2026-01-06T12:00:00+00:00,2026-01-06T12:00:00+00:00,synthetic-primary,,manual,,,aaaaaaaaaaaaaaaaaaaaaaaaaaaaaaaaaaaaaaaaaaaaaaaaaaaaaaaaaaaaaaaa,2026-01-10T00:00:00+00:00
2,20000000-0000-4000-8000-000000000002,2,10,100,2026-01-02T12:00:00+00:00,2026-01-02T12:00:00+00:00,synthetic-primary,,manual,,,aaaaaaaaaaaaaaaaaaaaaaaaaaaaaaaaaaaaaaaaaaaaaaaaaaaaaaaaaaaaaaaa,2026-01-10T00:00:00+00:00
3,20000000-0000-4000-8000-000000000003,3,1,25,2026-01-03T12:00:00+00:00,2026-01-03T12:00:00+00:00,synthetic-primary,,manual,,,aaaaaaaaaaaaaaaaaaaaaaaaaaaaaaaaaaaaaaaaaaaaaaaaaaaaaaaaaaaaaaaa,2026-01-10T00:00:00+00:00
4,20000000-0000-4000-8000-000000000004,3,1,20,2026-01-04T12:00:00+00:00,2026-01-04T12:00:00+00:00,synthetic-primary,,manual,2026-01-05T12:00:00+00:00,Synthetic correction,aaaaaaaaaaaaaaaaaaaaaaaaaaaaaaaaaaaaaaaaaaaaaaaaaaaaaaaaaaaaaaaa,2026-01-10T00:00:00+00:00
5,20000000-0000-4000-8000-000000000005,4,1,500,2026-01-06T12:00:00+00:00,2026-01-06T12:00:00+00:00,synthetic-primary,,manual,,,aaaaaaaaaaaaaaaaaaaaaaaaaaaaaaaaaaaaaaaaaaaaaaaaaaaaaaaaaaaaaaaa,2026-01-10T00:00:00+00:00
6,20000000-0000-4000-8000-000000000006,6,1,800,2026-01-06T12:00:00+00:00,2026-01-06T12:00:00+00:00,synthetic-primary,,manual,,,aaaaaaaaaaaaaaaaaaaaaaaaaaaaaaaaaaaaaaaaaaaaaaaaaaaaaaaaaaaaaaaa,2026-01-10T00:00:00+00:00
7,20000000-0000-4000-8000-000000000007,1,1,900,2026-01-06T12:00:00+00:00,2026-01-06T12:00:00+00:00,synthetic-secondary,,manual,,,aaaaaaaaaaaaaaaaaaaaaaaaaaaaaaaaaaaaaaaaaaaaaaaaaaaaaaaaaaaaaaaa,2026-01-10T00:00:00+00:00
8,20000000-0000-4000-8000-000000000008,2,10,120,2026-01-02T12:00:00+00:00,2026-01-02T12:00:00+00:00,synthetic-secondary,,manual,,,aaaaaaaaaaaaaaaaaaaaaaaaaaaaaaaaaaaaaaaaaaaaaaaaaaaaaaaaaaaaaaaa,2026-01-10T00:00:00+00:00
9,20000000-0000-4000-8000-000000000009,3,1,30,2026-01-03T12:00:00+00:00,2026-01-03T12:00:00+00:00,synthetic-secondary,,manual,,,aaaaaaaaaaaaaaaaaaaaaaaaaaaaaaaaaaaaaaaaaaaaaaaaaaaaaaaaaaaaaaaa,2026-01-10T00:00:00+00:00
